year,layer_id,status,notes
2014,Y2014,active,طبقة بيانات المركبات موديل 2014
2015,Y2015,active,طبقة بيانات المركبات موديل 2015
2016,Y2016,active,طبقة بيانات المركبات موديل 2016
2017,Y2017,active,طبقة بيانات المركبات موديل 2017
2018,Y2018,active,طبقة بيانات المركبات موديل 2018
2019,Y2019,active,طبقة بيانات المركبات موديل 2019
2020,Y2020,active,طبقة بيانات المركبات موديل 2020
2021,Y2021,active,طبقة بيانات المركبات موديل 2021
2022,Y2022,active,طبقة بيانات المركبات موديل 2022
2023,Y2023,active,طبقة بيانات المركبات موديل 2023
2024,Y2024,active,طبقة بيانات المركبات موديل 2024
2025,Y2025,active,طبقة بيانات المركبات موديل 2025
2026,Y2026,planned,بيانات أولية وتحتاج تحققاً حسب السوق
